input_condition,model,model_name,layer,pooling,spearman_rho_full_canonical,p_value_full_canonical,n_pairs_full_canonical,total_n_pairs,clean_pairs,split_pairs,one_word_split_pairs,both_words_split_pairs,clean_pair_percentage,split_pair_percentage,one_word_split_percentage,both_words_split_percentage,mean_pair_total_subtoken_count,median_pair_total_subtoken_count,mean_pair_max_subtoken_count,mean_pair_avg_subtoken_char_length,full_n_pairs,full_spearman_rho,full_p_value,clean_n_pairs,clean_spearman_rho,clean_p_value,split_n_pairs,split_spearman_rho,split_p_value,one_word_split_n_pairs,one_word_split_spearman_rho,one_word_split_p_value,both_words_split_n_pairs,both_words_split_spearman_rho,both_words_split_p_value,isolated_spearman_rho_same_config,contextual_spearman_rho_same_config,contextual_minus_isolated,mean_word1_context_sentence_count,mean_word2_context_sentence_count,rank_within_input_condition,rank_within_model_and_input,is_best_global,is_best_within_input_condition,is_best_within_model_and_input
isolated,BERTurk,dbmdz/bert-base-turkish-cased,1,first,0.4266940148626279,1.533853159284731e-23,500,500,225,275,170,105,45.0,55.0,34.0,21.0,3.092,3.0,1.826,4.613028571428571,500,0.4266940148626279,1.533853159284731e-23,225,0.5225130902830277,3.6640870669720685e-17,275,0.24155202868402698,5.175920248002212e-05,170,0.28597756457422796,0.00015654914365177808,105,0.17366598361777488,0.07643876516870268,0.4266940148626279,0.4554684322329078,0.02877441737027986,,,1,1,False,True,True
isolated,BERTurk,dbmdz/bert-base-turkish-cased,1,last,0.3339487891268157,1.721118178896909e-14,500,500,225,275,170,105,45.0,55.0,34.0,21.0,3.092,3.0,1.826,4.613028571428571,500,0.33394878912681575,1.721118178896909e-14,225,0.5225130902830277,3.6640870669720685e-17,275,0.08889866698637283,0.14144929951428736,170,0.22335095501116198,0.0034144444565679627,105,-0.004268586062141459,0.9655288772001995,0.3339487891268157,0.3294359364327293,-0.004512852694086411,,,5,5,False,False,False
isolated,BERTurk,dbmdz/bert-base-turkish-cased,1,mean,0.3252259652497119,8.800175933630869e-14,500,500,225,275,170,105,45.0,55.0,34.0,21.0,3.092,3.0,1.826,4.613028571428571,500,0.3252259652497119,8.800175933630869e-14,225,0.5225130902830277,3.6640870669720685e-17,275,0.12040150246972836,0.04606460671290004,170,0.37553301268473904,4.507911508058218e-07,105,0.008353858612411814,0.9325966097703282,0.3252259652497119,0.2990296745315741,-0.026196290718137838,,,6,6,False,False,False
isolated,BERTurk,dbmdz/bert-base-turkish-cased,1,max,0.232725576355916,1.414801030010414e-07,500,500,225,275,170,105,45.0,55.0,34.0,21.0,3.092,3.0,1.826,4.613028571428571,500,0.23272557635591606,1.414801030010414e-07,225,0.5225130902830277,3.6640870669720685e-17,275,0.019709195337744942,0.744891305721584,170,0.2386888883014733,0.0017209121713484148,105,-0.014235603579019002,0.8853957091379417,0.232725576355916,0.1834385772335981,-0.049286999122317904,,,12,12,False,False,False
isolated,BERTurk,dbmdz/bert-base-turkish-cased,7,first,0.3150506288789555,5.531051885527727e-13,500,500,225,275,170,105,45.0,55.0,34.0,21.0,3.092,3.0,1.826,4.613028571428571,500,0.3150506288789555,5.531051885527727e-13,225,0.297360767109672,5.661421639279553e-06,275,0.02618708945115383,0.6654798994707216,170,0.16014418430291957,0.03696932967912951,105,0.0751690149249745,0.44599315431209696,0.3150506288789555,0.5275383971276283,0.21248776824867277,,,8,8,False,False,False
isolated,BERTurk,dbmdz/bert-base-turkish-cased,7,last,0.2872278841796387,5.951603977923507e-11,500,500,225,275,170,105,45.0,55.0,34.0,21.0,3.092,3.0,1.826,4.613028571428571,500,0.28722788417963874,5.951603977923507e-11,225,0.297360767109672,5.661421639279553e-06,275,0.06655453385571349,0.27138670012443017,170,0.1791613985712392,0.01940325887743867,105,0.058518910518167516,0.5532006200217853,0.2872278841796387,0.4139007002759023,0.12667281609626363,,,10,10,False,False,False
isolated,BERTurk,dbmdz/bert-base-turkish-cased,7,mean,0.3051037651814941,3.1207473826799197e-12,500,500,225,275,170,105,45.0,55.0,34.0,21.0,3.092,3.0,1.826,4.613028571428571,500,0.3051037651814941,3.12074738267992e-12,225,0.297360767109672,5.661421639279553e-06,275,0.0714083819120969,0.23788590211815672,170,0.16559597459708256,0.030920064179986745,105,0.08476416788919923,0.3899402762321855,0.3051037651814941,0.4260247203619244,0.12092095518043028,,,9,9,False,False,False
isolated,BERTurk,dbmdz/bert-base-turkish-cased,7,max,0.2802605505670726,1.7776066104087963e-10,500,500,225,275,170,105,45.0,55.0,34.0,21.0,3.092,3.0,1.826,4.613028571428571,500,0.2802605505670726,1.7776066104087963e-10,225,0.297360767109672,5.661421639279553e-06,275,-0.007092790350230477,0.9067916396763195,170,0.13340134221602998,0.08287055621495759,105,0.07281736444411377,0.46038995493879586,0.2802605505670726,0.3376567653693514,0.0573962148022788,,,11,11,False,False,False
isolated,BERTurk,dbmdz/bert-base-turkish-cased,12,first,0.3560348819612285,2.1776679857602727e-16,500,500,225,275,170,105,45.0,55.0,34.0,21.0,3.092,3.0,1.826,4.613028571428571,500,0.3560348819612285,2.1776679857602727e-16,225,0.3813522119730621,3.351012981408982e-09,275,0.1465941079872182,0.014971256609859648,170,0.16588913458126936,0.03062016060530227,105,0.12856562216857229,0.19118985216086715,0.3560348819612285,0.4526485971827697,0.09661371522154116,,,3,3,False,False,False
isolated,BERTurk,dbmdz/bert-base-turkish-cased,12,last,0.3406451994872275,4.7451148104275415e-15,500,500,225,275,170,105,45.0,55.0,34.0,21.0,3.092,3.0,1.826,4.613028571428571,500,0.3406451994872275,4.745114810427542e-15,225,0.3813522119730621,3.351012981408982e-09,275,0.14109749304305244,0.019237205602239144,170,0.21812457764601656,0.004269877333706485,105,0.12773285507178642,0.19410505392857752,0.3406451994872275,0.407715622058125,0.06707042257089751,,,4,4,False,False,False
isolated,BERTurk,dbmdz/bert-base-turkish-cased,12,mean,0.3562642209728675,2.077249297802025e-16,500,500,225,275,170,105,45.0,55.0,34.0,21.0,3.092,3.0,1.826,4.613028571428571,500,0.35626422097286753,2.077249297802025e-16,225,0.3813522119730621,3.351012981408982e-09,275,0.13026655163271111,0.030803890093035163,170,0.18978167329249396,0.013183863774770566,105,0.13580388712302566,0.16717862647097925,0.3562642209728675,0.4504409264325345,0.09417670545966705,,,2,2,False,False,False
isolated,BERTurk,dbmdz/bert-base-turkish-cased,12,max,0.3223381707694723,1.4932611555911245e-13,500,500,225,275,170,105,45.0,55.0,34.0,21.0,3.092,3.0,1.826,4.613028571428571,500,0.3223381707694723,1.4932611555911243e-13,225,0.3813522119730621,3.351012981408982e-09,275,0.05428912487873599,0.36980211640369354,170,0.13604840442618732,0.07689368269405379,105,0.11402100438382771,0.246797419564576,0.3223381707694723,0.3527321114141784,0.030393940644706074,,,7,7,False,False,False
isolated,mBERT,bert-base-multilingual-cased,1,first,0.1359953386270971,0.0023074820103367,500,500,12,488,86,402,2.4,97.6,17.2,80.4,5.496,5.0,3.258,2.5287520202020204,500,0.13599533862709717,0.0023074820103367597,12,-0.18881118881118883,0.5567370561768314,488,0.1286717790308408,0.004413245503678833,86,0.06795259357212709,0.5341625809164765,402,0.14768174554125915,0.0029966592464756954,0.1359953386270971,0.0974250892106725,-0.03857024941642459,,,14,2,False,False,False
isolated,mBERT,bert-base-multilingual-cased,1,last,0.0319015618830232,0.4766280399772438,500,500,12,488,86,402,2.4,97.6,17.2,80.4,5.496,5.0,3.258,2.5287520202020204,500,0.03190156188302326,0.4766280399772438,12,-0.18881118881118883,0.5567370561768314,488,0.021533703868788192,0.6351218864744828,86,0.04633131379917756,0.6718580539196248,402,0.030221124510141553,0.5457220733317835,0.0319015618830232,-0.0086340241968364,-0.0405355860798596,,,27,8,False,False,False
isolated,mBERT,bert-base-multilingual-cased,1,mean,-0.0231273833940791,0.6059112105358864,500,500,12,488,86,402,2.4,97.6,17.2,80.4,5.496,5.0,3.258,2.5287520202020204,500,-0.023127383394079156,0.6059112105358864,12,-0.18881118881118883,0.5567370561768314,488,-0.023618098390453573,0.6027322354967658,86,0.03518535043872302,0.7477402636405852,402,0.004129504281067033,0.934218237844635,-0.0231273833940791,-0.0410824862245091,-0.01795510283043,,,32,11,False,False,False
isolated,mBERT,bert-base-multilingual-cased,1,max,-0.1193046084799321,0.007571591897397,500,500,12,488,86,402,2.4,97.6,17.2,80.4,5.496,5.0,3.258,2.5287520202020204,500,-0.11930460847993213,0.0075715918973970125,12,-0.18881118881118883,0.5567370561768314,488,-0.1136251822813456,0.012012920826366567,86,0.09391890990932161,0.38971926467374807,402,-0.07750139533275455,0.12080738268314223,-0.1193046084799321,-0.1364246092765847,-0.0171200007966526,,,36,12,False,False,False
isolated,mBERT,bert-base-multilingual-cased,7,first,0.0904396106227888,0.0432411072122711,500,500,12,488,86,402,2.4,97.6,17.2,80.4,5.496,5.0,3.258,2.5287520202020204,500,0.09043961062278887,0.043241107212271195,12,-0.0979020979020979,0.762121655996299,488,0.08998316342119635,0.046952635466695834,86,0.11464284517443793,0.29322784513564765,402,0.14395945510724903,0.0038222440881198246,0.0904396106227888,0.2325159706065586,0.1420763599837698,,,22,5,False,False,False
isolated,mBERT,bert-base-multilingual-cased,7,last,0.0732593993112232,0.101791643123551,500,500,12,488,86,402,2.4,97.6,17.2,80.4,5.496,5.0,3.258,2.5287520202020204,500,0.07325939931122322,0.10179164312355107,12,-0.0979020979020979,0.762121655996299,488,0.06964993576531822,0.12440647790824536,86,0.16663215223879538,0.12517412812367298,402,0.1038256297530245,0.037448385717624155,0.0732593993112232,0.244137610712835,0.1708782114016118,,,23,6,False,False,False
isolated,mBERT,bert-base-multilingual-cased,7,mean,0.0341426829193212,0.4462003445429127,500,500,12,488,86,402,2.4,97.6,17.2,80.4,5.496,5.0,3.258,2.5287520202020204,500,0.03414268291932123,0.4462003445429127,12,-0.0979020979020979,0.762121655996299,488,0.040146366311554334,0.3761864777661711,86,0.10651951594563208,0.3289914987017222,402,0.08821758822371581,0.07727928761600186,0.0341426829193212,0.1827466616761326,0.1486039787568114,,,26,7,False,False,False
isolated,mBERT,bert-base-multilingual-cased,7,max,-0.0142015956949224,0.7514116781020614,500,500,12,488,86,402,2.4,97.6,17.2,80.4,5.496,5.0,3.258,2.5287520202020204,500,-0.014201595694922478,0.7514116781020614,12,-0.0979020979020979,0.762121655996299,488,-0.01334824340110061,0.7686591489629194,86,0.12645000975119064,0.24598629661852806,402,0.04409419780304783,0.37790558662956564,-0.0142015956949224,0.05044510096871,0.0646466966636324,,,31,10,False,False,False
isolated,mBERT,bert-base-multilingual-cased,12,first,0.1545530279057371,0.0005241109973414,500,500,12,488,86,402,2.4,97.6,17.2,80.4,5.496,5.0,3.258,2.5287520202020204,500,0.1545530279057371,0.0005241109973414284,12,-0.2377622377622378,0.4568008526399232,488,0.15555528041429925,0.000563646488433681,86,0.19468597527315978,0.07245414964055288,402,0.16693997637280503,0.0007785119213069068,0.1545530279057371,0.1739303213877771,0.01937729348203998,,,13,1,False,False,True
isolated,mBERT,bert-base-multilingual-cased,12,last,0.1251416593329325,0.005074399787878,500,500,12,488,86,402,2.4,97.6,17.2,80.4,5.496,5.0,3.258,2.5287520202020204,500,0.12514165933293253,0.005074399787878068,12,-0.2377622377622378,0.4568008526399232,488,0.12487375726779333,0.005739626961072636,86,0.25599821948732115,0.01735589435963462,402,0.11296866491667788,0.02349934423451975,0.1251416593329325,0.1714851776714502,0.046343518338517686,,,15,3,False,False,False
isolated,mBERT,bert-base-multilingual-cased,12,mean,0.0939571368193527,0.0356993637471216,500,500,12,488,86,402,2.4,97.6,17.2,80.4,5.496,5.0,3.258,2.5287520202020204,500,0.09395713681935276,0.035699363747121626,12,-0.2377622377622378,0.4568008526399232,488,0.0988499948438523,0.029005066514172884,86,0.23292229703851572,0.03091204105334463,402,0.1006084179413312,0.04379694900607021,0.0939571368193527,0.1140367900488949,0.020079653229542208,,,21,4,False,False,False
isolated,mBERT,bert-base-multilingual-cased,12,max,-0.0055534694350408,0.9014186017832452,500,500,12,488,86,402,2.4,97.6,17.2,80.4,5.496,5.0,3.258,2.5287520202020204,500,-0.0055534694350408385,0.9014186017832451,12,-0.2377622377622378,0.4568008526399232,488,-0.00018395980265977188,0.9967658769235147,86,0.21110265690067673,0.05104671464546691,402,0.02793640831271465,0.5765111383618673,-0.0055534694350408,-0.0313791598615479,-0.0258256904265071,,,30,9,False,False,False
isolated,XLM-R,xlm-roberta-base,1,first,0.1211717120011311,0.0066737019088591,500,500,93,407,188,219,18.6,81.4,37.6,43.8,4.03,4.0,2.438,3.6581626984126983,500,0.1211717120011311,0.006673701908859176,93,0.1407479501121443,0.17840704524357737,407,0.09256475298365308,0.06208510639751603,188,0.017114408701115188,0.8156736725230267,219,0.1624484138345943,0.016116597803758057,0.1211717120011311,0.1365909462386466,0.015419234237515497,,,16,1,False,False,True
isolated,XLM-R,xlm-roberta-base,1,last,0.0973481776176821,0.0295182747930536,500,500,93,407,188,219,18.6,81.4,37.6,43.8,4.03,4.0,2.438,3.6581626984126983,500,0.09734817761768215,0.029518274793053616,93,0.1407479501121443,0.17840704524357737,407,0.030891639494906507,0.5343055893300379,188,-0.0125787367543642,0.8639662941550408,219,0.07165493638638468,0.2911119652608615,0.0973481776176821,0.0901979503547008,-0.0071502272629812985,,,20,5,False,False,False
isolated,XLM-R,xlm-roberta-base,1,mean,-0.0629522351224439,0.1598649400948334,500,500,93,407,188,219,18.6,81.4,37.6,43.8,4.03,4.0,2.438,3.6581626984126983,500,-0.0629522351224439,0.15986494009483346,93,0.1407479501121443,0.17840704524357737,407,-0.016912146690479968,0.733732507893641,188,-0.039639524020835565,0.5891299670112664,219,0.07246669369589226,0.2856665400414277,-0.0629522351224439,-0.0485178350625061,0.014434400059937798,,,35,12,False,False,False
isolated,XLM-R,xlm-roberta-base,1,max,-0.0314493332674177,0.4829024870648316,500,500,93,407,188,219,18.6,81.4,37.6,43.8,4.03,4.0,2.438,3.6581626984126983,500,-0.03144933326741773,0.48290248706483163,93,0.1407479501121443,0.17840704524357737,407,-0.048857729616513614,0.32549751160764284,188,0.024805646096625365,0.7354374030201922,219,0.03430549494787531,0.6136162233146183,-0.0314493332674177,-0.0886119254962452,-0.057162592228827504,,,33,10,False,False,False
isolated,XLM-R,xlm-roberta-base,7,first,0.0595745263086316,0.1835267610999713,500,500,93,407,188,219,18.6,81.4,37.6,43.8,4.03,4.0,2.438,3.6581626984126983,500,0.059574526308631616,0.18352676109997132,93,0.1537807206305896,0.1410965363324623,407,0.012332013749954391,0.8041086623700942,188,0.008239834262320321,0.9106431667197505,219,0.038146283066004795,0.5744654161173296,0.0595745263086316,0.2478031363765112,0.18822861006787958,,,25,7,False,False,False
isolated,XLM-R,xlm-roberta-base,7,last,0.0675863270547924,0.1312426325143285,500,500,93,407,188,219,18.6,81.4,37.6,43.8,4.03,4.0,2.438,3.6581626984126983,500,0.06758632705479246,0.1312426325143285,93,0.1537807206305896,0.1410965363324623,407,0.020210678700513195,0.684358656069339,188,-0.025360590365200258,0.7297460555743777,219,0.057834983322047215,0.39438354895829864,0.0675863270547924,0.1898227688807879,0.1222364418259955,,,24,6,False,False,False
isolated,XLM-R,xlm-roberta-base,7,mean,-0.0527572617492219,0.2389737391248284,500,500,93,407,188,219,18.6,81.4,37.6,43.8,4.03,4.0,2.438,3.6581626984126983,500,-0.052757261749221906,0.23897373912482844,93,0.1537807206305896,0.1410965363324623,407,-0.020613636048290702,0.6784131577207668,188,-0.025717858407387356,0.7260897935507319,219,0.039608019903195825,0.5598800944311204,-0.0527572617492219,0.061881296539447,0.1146385582886689,,,34,11,False,False,False
isolated,XLM-R,xlm-roberta-base,7,max,0.0230310754481631,0.6074130181910558,500,500,93,407,188,219,18.6,81.4,37.6,43.8,4.03,4.0,2.438,3.6581626984126983,500,0.023031075448163164,0.6074130181910558,93,0.1537807206305896,0.1410965363324623,407,-0.016848352556042466,0.7346990954880273,188,0.004180217447925243,0.9545975800307717,219,0.06665531451192636,0.32617081776803314,0.0230310754481631,0.0868838211493618,0.0638527457011987,,,28,8,False,False,False
isolated,XLM-R,xlm-roberta-base,12,first,0.1153344686284987,0.0098480108130686,500,500,93,407,188,219,18.6,81.4,37.6,43.8,4.03,4.0,2.438,3.6581626984126983,500,0.1153344686284987,0.00984801081306862,93,0.13176832643878256,0.20801610360768244,407,0.06333292250197554,0.2022935640898112,188,0.009998971322835499,0.8916726398286163,219,0.08282506117325537,0.22216812681956155,0.1153344686284987,0.180605554588667,0.06527108596016831,,,17,2,False,False,False
isolated,XLM-R,xlm-roberta-base,12,last,0.0976150098276563,0.029073439718377,500,500,93,407,188,219,18.6,81.4,37.6,43.8,4.03,4.0,2.438,3.6581626984126983,500,0.09761500982765631,0.029073439718377093,93,0.13176832643878256,0.20801610360768244,407,0.04966829038348424,0.3175257760716596,188,0.07582606148164958,0.30102848649536856,219,0.036058661264380724,0.5956001410069767,0.0976150098276563,0.1419325478186538,0.04431753799099751,,,19,4,False,False,False
isolated,XLM-R,xlm-roberta-base,12,mean,0.0140730407106438,0.7535888715310721,500,500,93,407,188,219,18.6,81.4,37.6,43.8,4.03,4.0,2.438,3.6581626984126983,500,0.014073040710643811,0.7535888715310721,93,0.13176832643878256,0.20801610360768244,407,0.039568713948733555,0.4259591288046294,188,0.030081243734809537,0.6819561913137004,219,0.12332056415617432,0.06853200773793953,0.0140730407106438,0.1141037387509285,0.1000306980402847,,,29,9,False,False,False
isolated,XLM-R,xlm-roberta-base,12,max,0.1077898167694246,0.0158979502639068,500,500,93,407,188,219,18.6,81.4,37.6,43.8,4.03,4.0,2.438,3.6581626984126983,500,0.10778981676942462,0.015897950263906883,93,0.13176832643878256,0.20801610360768244,407,0.061601546119440624,0.21493093061255816,188,0.06648812671402829,0.36463801980457655,219,0.14983433629293166,0.026610270261802568,0.1077898167694246,0.1414897045351091,0.033699887765684486,,,18,3,False,False,False
contextual,BERTurk,dbmdz/bert-base-turkish-cased,1,first,0.4554684322329078,5.6082685503002985e-27,500,500,225,275,170,105,45.0,55.0,34.0,21.0,3.092,3.0,1.826,4.613028571428571,500,0.4554684322329078,5.6082685503002985e-27,225,0.5388627289743213,2.4048217618346056e-18,275,0.30252720660053495,3.148442449510253e-07,170,0.3717675081819699,5.98894088377164e-07,105,0.20199577749522662,0.03878921912940453,0.4266940148626279,0.4554684322329078,0.02877441737027986,14.794,14.742,2,2,False,False,False
contextual,BERTurk,dbmdz/bert-base-turkish-cased,1,last,0.3294359364327293,4.0298314011551805e-14,500,500,225,275,170,105,45.0,55.0,34.0,21.0,3.092,3.0,1.826,4.613028571428571,500,0.3294359364327293,4.0298314011551805e-14,225,0.5341922320967846,5.315464154462694e-18,275,0.08422220401058336,0.16368596377622202,170,0.17498202114961808,0.022472148275502864,105,-0.01034411959844096,0.9165903293325826,0.3339487891268157,0.3294359364327293,-0.004512852694086411,14.794,14.742,10,10,False,False,False
contextual,BERTurk,dbmdz/bert-base-turkish-cased,1,mean,0.2990296745315741,8.695900446012374e-12,500,500,225,275,170,105,45.0,55.0,34.0,21.0,3.092,3.0,1.826,4.613028571428571,500,0.2990296745315741,8.695900446012374e-12,225,0.5305887953479456,9.720391508998277e-18,275,0.144083136527223,0.01680466450107686,170,0.3972970620990107,8.123607693890947e-08,105,-0.013518062118266389,0.8911359075548333,0.3252259652497119,0.2990296745315741,-0.026196290718137838,14.794,14.742,11,11,False,False,False
contextual,BERTurk,dbmdz/bert-base-turkish-cased,1,max,0.1834385772335981,3.6814574980274313e-05,500,500,225,275,170,105,45.0,55.0,34.0,21.0,3.092,3.0,1.826,4.613028571428571,500,0.1834385772335981,3.6814574980274313e-05,225,0.5343187609658001,5.2033081390151085e-18,275,0.0151845693458354,0.8020653378695982,170,0.2641605492804604,0.0004998063895128895,105,-0.03908244073091972,0.6922280448201957,0.232725576355916,0.1834385772335981,-0.049286999122317904,14.794,14.742,16,12,False,False,False
contextual,BERTurk,dbmdz/bert-base-turkish-cased,7,first,0.5275383971276283,3.630230351379531e-37,500,500,225,275,170,105,45.0,55.0,34.0,21.0,3.092,3.0,1.826,4.613028571428571,500,0.5275383971276283,3.630230351379531e-37,225,0.5755713898938393,3.0057541905240864e-21,275,0.41028675598603487,1.3672116363561315e-12,170,0.4936493874899537,7.914458930970101e-12,105,0.318646021392177,0.0009234614561162774,0.3150506288789555,0.5275383971276283,0.21248776824867277,14.794,14.742,1,1,True,True,True
contextual,BERTurk,dbmdz/bert-base-turkish-cased,7,last,0.4139007002759023,4.0854903464803014e-22,500,500,225,275,170,105,45.0,55.0,34.0,21.0,3.092,3.0,1.826,4.613028571428571,500,0.41390070027590237,4.085490346480301e-22,225,0.5739180793387026,4.13612411893853e-21,275,0.22691732405610474,0.00014735430956092652,170,0.3560095431496094,1.8923704686413722e-06,105,0.06826071429188912,0.4890008183496447,0.2872278841796387,0.4139007002759023,0.12667281609626363,14.794,14.742,6,6,False,False,False
contextual,BERTurk,dbmdz/bert-base-turkish-cased,7,mean,0.4260247203619244,1.827595555839097e-23,500,500,225,275,170,105,45.0,55.0,34.0,21.0,3.092,3.0,1.826,4.613028571428571,500,0.42602472036192446,1.827595555839097e-23,225,0.5733914029214254,4.577144876939152e-21,275,0.3001076857140047,3.94832502563489e-07,170,0.4754882496460451,5.6649191973805715e-11,105,0.17786124427516792,0.06948994761859324,0.3051037651814941,0.4260247203619244,0.12092095518043028,14.794,14.742,5,5,False,False,False
contextual,BERTurk,dbmdz/bert-base-turkish-cased,7,max,0.3376567653693514,8.465374298774332e-15,500,500,225,275,170,105,45.0,55.0,34.0,21.0,3.092,3.0,1.826,4.613028571428571,500,0.33765676536935146,8.465374298774332e-15,225,0.5764639456240198,2.5280253051319675e-21,275,0.13961425183723494,0.02055559151867862,170,0.35355094092928646,2.2520840564344735e-06,105,0.15504656834058114,0.11426662606071353,0.2802605505670726,0.3376567653693514,0.0573962148022788,14.794,14.742,9,9,False,False,False
contextual,BERTurk,dbmdz/bert-base-turkish-cased,12,first,0.4526485971827697,1.2598318235046884e-26,500,500,225,275,170,105,45.0,55.0,34.0,21.0,3.092,3.0,1.826,4.613028571428571,500,0.45264859718276973,1.2598318235046885e-26,225,0.5026243336846447,8.311301350444276e-16,275,0.3009499019477249,3.649982408586217e-07,170,0.3891119860699295,1.5702287908362963e-07,105,0.14537808997160798,0.1389471086850267,0.3560348819612285,0.4526485971827697,0.09661371522154116,14.794,14.742,3,3,False,False,False
contextual,BERTurk,dbmdz/bert-base-turkish-cased,12,last,0.407715622058125,1.90000175818101e-21,500,500,225,275,170,105,45.0,55.0,34.0,21.0,3.092,3.0,1.826,4.613028571428571,500,0.40771562205812506,1.90000175818101e-21,225,0.49313097808313144,3.4380866386520493e-15,275,0.2635945200818923,9.42751971756365e-06,170,0.40217731360047343,5.437296445931513e-08,105,0.08156927525373141,0.40811767394842313,0.3406451994872275,0.407715622058125,0.06707042257089751,14.794,14.742,7,7,False,False,False
contextual,BERTurk,dbmdz/bert-base-turkish-cased,12,mean,0.4504409264325345,2.3616422192235264e-26,500,500,225,275,170,105,45.0,55.0,34.0,21.0,3.092,3.0,1.826,4.613028571428571,500,0.4504409264325345,2.3616422192235264e-26,225,0.5152081569118628,1.1808857925677043e-16,275,0.3065661284355972,2.147719105226851e-07,170,0.4877898831001359,1.5125615811634628e-11,105,0.11503184746357409,0.24260542555783898,0.3562642209728675,0.4504409264325345,0.09417670545966705,14.794,14.742,4,4,False,False,False
contextual,BERTurk,dbmdz/bert-base-turkish-cased,12,max,0.3527321114141784,4.2797654263953804e-16,500,500,225,275,170,105,45.0,55.0,34.0,21.0,3.092,3.0,1.826,4.613028571428571,500,0.35273211141417843,4.2797654263953804e-16,225,0.4971108382172917,1.9060168863132175e-15,275,0.11798082030607475,0.050652777560361587,170,0.31737770876284155,2.4744342415455665e-05,105,0.07882481010457544,0.424122298495339,0.3223381707694723,0.3527321114141784,0.030393940644706074,14.794,14.742,8,8,False,False,False
contextual,mBERT,bert-base-multilingual-cased,1,first,0.0974250892106725,0.0293894609548615,500,500,12,488,86,402,2.4,97.6,17.2,80.4,5.496,5.0,3.258,2.5287520202020204,500,0.09742508921067253,0.029389460954861515,12,-0.2657342657342658,0.40383308831471165,488,0.10025446813598542,0.026787802084211523,86,0.15829157118177728,0.14548941156265696,402,0.10598616148184509,0.033637915513761954,0.1359953386270971,0.0974250892106725,-0.03857024941642459,14.794,14.742,26,7,False,False,False
contextual,mBERT,bert-base-multilingual-cased,1,last,-0.0086340241968364,0.8472855384431327,500,500,12,488,86,402,2.4,97.6,17.2,80.4,5.496,5.0,3.258,2.5287520202020204,500,-0.008634024196836468,0.8472855384431327,12,-0.07692307692307693,0.8121826980280591,488,-0.011539400264111647,0.7992881924687415,86,-0.015821600532848607,0.8850381428689604,402,-0.010437426561433014,0.8347419394043077,0.0319015618830232,-0.0086340241968364,-0.0405355860798596,14.794,14.742,31,9,False,False,False
contextual,mBERT,bert-base-multilingual-cased,1,mean,-0.0410824862245091,0.3592893042788879,500,500,12,488,86,402,2.4,97.6,17.2,80.4,5.496,5.0,3.258,2.5287520202020204,500,-0.041082486224509114,0.35928930427888794,12,-0.2377622377622378,0.4568008526399232,488,-0.028590915515828687,0.5286271542189644,86,0.11005221958699649,0.31311083354256897,402,-0.008094510478718956,0.8714698809363681,-0.0231273833940791,-0.0410824862245091,-0.01795510283043,14.794,14.742,33,11,False,False,False
contextual,mBERT,bert-base-multilingual-cased,1,max,-0.1364246092765847,0.00223402318347,500,500,12,488,86,402,2.4,97.6,17.2,80.4,5.496,5.0,3.258,2.5287520202020204,500,-0.13642460927658479,0.002234023183470025,12,-0.18181818181818185,0.5717012385276553,488,-0.12752551219405928,0.00478094664657281,86,0.02548458402246301,0.8158283161385937,402,-0.10136427505025158,0.042229306396512886,-0.1193046084799321,-0.1364246092765847,-0.0171200007966526,14.794,14.742,36,12,False,False,False
contextual,mBERT,bert-base-multilingual-cased,7,first,0.2325159706065586,1.452815810448043e-07,500,500,12,488,86,402,2.4,97.6,17.2,80.4,5.496,5.0,3.258,2.5287520202020204,500,0.23251597060655863,1.452815810448043e-07,12,0.0,1.0,488,0.2288331023075566,3.220146045544336e-07,86,0.38889966396324943,0.00021515370178676067,402,0.2130095413014828,1.6544008393521114e-05,0.0904396106227888,0.2325159706065586,0.1420763599837698,14.794,14.742,14,2,False,False,False
contextual,mBERT,bert-base-multilingual-cased,7,last,0.244137610712835,3.2150297012396584e-08,500,500,12,488,86,402,2.4,97.6,17.2,80.4,5.496,5.0,3.258,2.5287520202020204,500,0.24413761071283505,3.215029701239658e-08,12,0.034965034965034975,0.9140933424107598,488,0.2431864714190524,5.320020929451006e-08,86,0.41238175287349527,7.966808701115537e-05,402,0.22728630679233625,4.159083032395886e-06,0.0732593993112232,0.244137610712835,0.1708782114016118,14.794,14.742,13,1,False,False,True
contextual,mBERT,bert-base-multilingual-cased,7,mean,0.1827466616761326,3.943257494721701e-05,500,500,12,488,86,402,2.4,97.6,17.2,80.4,5.496,5.0,3.258,2.5287520202020204,500,0.18274666167613268,3.9432574947217004e-05,12,0.0,1.0,488,0.18801069795960243,2.915424083025049e-05,86,0.4331906997235641,3.099438191470114e-05,402,0.19385278956928312,9.160979366793778e-05,0.0341426829193212,0.1827466616761326,0.1486039787568114,14.794,14.742,17,3,False,False,False
contextual,mBERT,bert-base-multilingual-cased,7,max,0.05044510096871,0.2602161279378081,500,500,12,488,86,402,2.4,97.6,17.2,80.4,5.496,5.0,3.258,2.5287520202020204,500,0.05044510096871004,0.2602161279378081,12,0.034965034965034975,0.9140933424107598,488,0.051914719642753376,0.2523481279257013,86,0.2534384262070812,0.018548710357253688,402,0.11063696250612902,0.02654321372996734,-0.0142015956949224,0.05044510096871,0.0646466966636324,14.794,14.742,30,8,False,False,False
contextual,mBERT,bert-base-multilingual-cased,12,first,0.1739303213877771,9.256318626333202e-05,500,500,12,488,86,402,2.4,97.6,17.2,80.4,5.496,5.0,3.258,2.5287520202020204,500,0.1739303213877771,9.256318626333202e-05,12,-0.35664335664335667,0.25513775175895725,488,0.17387463233579675,0.00011310368231845852,86,0.23369684703475066,0.030342902612010003,402,0.16250149371984732,0.0010763940107829835,0.1545530279057371,0.1739303213877771,0.01937729348203998,14.794,14.742,19,4,False,False,False
contextual,mBERT,bert-base-multilingual-cased,12,last,0.1714851776714502,0.0001164366678808,500,500,12,488,86,402,2.4,97.6,17.2,80.4,5.496,5.0,3.258,2.5287520202020204,500,0.1714851776714502,0.00011643666788085942,12,-0.34965034965034975,0.2652387868927897,488,0.173407147658562,0.0001180834626239973,86,0.28476047239629076,0.007875174176889507,402,0.15330470706978225,0.002053256162885439,0.1251416593329325,0.1714851776714502,0.046343518338517686,14.794,14.742,20,5,False,False,False
contextual,mBERT,bert-base-multilingual-cased,12,mean,0.1140367900488949,0.010714111827036,500,500,12,488,86,402,2.4,97.6,17.2,80.4,5.496,5.0,3.258,2.5287520202020204,500,0.11403679004889498,0.01071411182703608,12,-0.3076923076923077,0.3305892594121097,488,0.12084693776538381,0.007527693663003949,86,0.27828070047656883,0.009476506934833751,402,0.1166623187829273,0.019294935541020877,0.0939571368193527,0.1140367900488949,0.020079653229542208,14.794,14.742,25,6,False,False,False
contextual,mBERT,bert-base-multilingual-cased,12,max,-0.0313791598615479,0.4838801013282311,500,500,12,488,86,402,2.4,97.6,17.2,80.4,5.496,5.0,3.258,2.5287520202020204,500,-0.031379159861547906,0.4838801013282311,12,-0.34965034965034975,0.2652387868927897,488,-0.020461010597888907,0.6520713158887583,86,0.18403118995909815,0.0898514686980173,402,0.020327607386208993,0.684492708969814,-0.0055534694350408,-0.0313791598615479,-0.0258256904265071,14.794,14.742,32,10,False,False,False
contextual,XLM-R,xlm-roberta-base,1,first,0.1365909462386466,0.0022061378087488,500,500,93,407,188,219,18.6,81.4,37.6,43.8,4.03,4.0,2.438,3.6581626984126983,500,0.1365909462386466,0.0022061378087488742,93,0.17719641428257288,0.08928464752385148,407,0.08491186923438777,0.08710790576604031,188,0.04278783529614933,0.5598720414447582,219,0.1489801266576972,0.027495943436560172,0.1211717120011311,0.1365909462386466,0.015419234237515497,14.794,14.742,23,6,False,False,False
contextual,XLM-R,xlm-roberta-base,1,last,0.0901979503547008,0.0438051843779379,500,500,93,407,188,219,18.6,81.4,37.6,43.8,4.03,4.0,2.438,3.6581626984126983,500,0.09019795035470081,0.043805184377937935,93,0.0909681410700415,0.38583236289234957,407,0.04311858055284618,0.3856063440133962,188,0.05155722421998556,0.48226151257245764,219,0.042136228004255816,0.5350824928901623,0.0973481776176821,0.0901979503547008,-0.0071502272629812985,14.794,14.742,27,8,False,False,False
contextual,XLM-R,xlm-roberta-base,1,mean,-0.0485178350625061,0.2788909040582798,500,500,93,407,188,219,18.6,81.4,37.6,43.8,4.03,4.0,2.438,3.6581626984126983,500,-0.048517835062506114,0.2788909040582798,93,0.17399420434419197,0.09531679402158884,407,-0.02549165364457907,0.6081077429936625,188,0.0074373413249203555,0.9193147190910964,219,0.06166773991909324,0.36375071973011996,-0.0629522351224439,-0.0485178350625061,0.014434400059937798,14.794,14.742,34,11,False,False,False
contextual,XLM-R,xlm-roberta-base,1,max,-0.0886119254962452,0.0476630123886956,500,500,93,407,188,219,18.6,81.4,37.6,43.8,4.03,4.0,2.438,3.6581626984126983,500,-0.0886119254962452,0.04766301238869562,93,0.12040010793958887,0.25031664490992483,407,-0.07931907142031226,0.11008776936150275,188,-0.0004869363925240466,0.9947084624376885,219,-0.011946313931580051,0.8604637634939666,-0.0314493332674177,-0.0886119254962452,-0.057162592228827504,14.794,14.742,35,12,False,False,False
contextual,XLM-R,xlm-roberta-base,7,first,0.2478031363765112,1.9657533381329395e-08,500,500,93,407,188,219,18.6,81.4,37.6,43.8,4.03,4.0,2.438,3.6581626984126983,500,0.24780313637651122,1.9657533381329395e-08,93,0.3126670627013948,0.0022780519347358136,407,0.18385281915081111,0.00019184289454438272,188,0.1830409314616463,0.011927871014563676,219,0.21010287050326945,0.0017695109432418591,0.0595745263086316,0.2478031363765112,0.18822861006787958,14.794,14.742,12,1,False,False,True
contextual,XLM-R,xlm-roberta-base,7,last,0.1898227688807879,1.9298846218785708e-05,500,500,93,407,188,219,18.6,81.4,37.6,43.8,4.03,4.0,2.438,3.6581626984126983,500,0.1898227688807879,1.9298846218785708e-05,93,0.2522803997608323,0.01470356689124112,407,0.15094907334283375,0.002262406560063979,188,0.21826447739758034,0.0026202493556669623,219,0.11264495159601426,0.0963625984192336,0.0675863270547924,0.1898227688807879,0.1222364418259955,14.794,14.742,15,2,False,False,False
contextual,XLM-R,xlm-roberta-base,7,mean,0.061881296539447,0.1671041053869647,500,500,93,407,188,219,18.6,81.4,37.6,43.8,4.03,4.0,2.438,3.6581626984126983,500,0.06188129653944703,0.16710410538696477,93,0.2948944243254394,0.004111211823336206,407,0.0849818283482037,0.08684700054087541,188,0.1971013331422382,0.006705208453044883,219,0.15689863276591845,0.020178829481099912,-0.0527572617492219,0.061881296539447,0.1146385582886689,14.794,14.742,29,10,False,False,False
contextual,XLM-R,xlm-roberta-base,7,max,0.0868838211493618,0.0521865559619386,500,500,93,407,188,219,18.6,81.4,37.6,43.8,4.03,4.0,2.438,3.6581626984126983,500,0.0868838211493618,0.05218655596193866,93,0.2733821421752909,0.008014513549600984,407,0.05736057639225505,0.2482551602015393,188,0.1428809204961016,0.05045732598066201,219,0.154228725685743,0.022430848866274136,0.0230310754481631,0.0868838211493618,0.0638527457011987,14.794,14.742,28,9,False,False,False
contextual,XLM-R,xlm-roberta-base,12,first,0.180605554588667,4.869498110126077e-05,500,500,93,407,188,219,18.6,81.4,37.6,43.8,4.03,4.0,2.438,3.6581626984126983,500,0.18060555458866703,4.869498110126077e-05,93,0.22596853488252783,0.029410293862229285,407,0.08246499785384794,0.09663660800903538,188,0.050010271732749016,0.4955173968451789,219,0.09206532617978437,0.1746127836183237,0.1153344686284987,0.180605554588667,0.06527108596016831,14.794,14.742,18,3,False,False,False
contextual,XLM-R,xlm-roberta-base,12,last,0.1419325478186538,0.0014631870317881,500,500,93,407,188,219,18.6,81.4,37.6,43.8,4.03,4.0,2.438,3.6581626984126983,500,0.14193254781865383,0.0014631870317881393,93,0.16329777813976354,0.11781607357873634,407,0.07094452769366363,0.1531046547648917,188,0.10326769285400568,0.15846140506764156,219,0.035098320814829,0.6054392875628247,0.0976150098276563,0.1419325478186538,0.04431753799099751,14.794,14.742,21,4,False,False,False
contextual,XLM-R,xlm-roberta-base,12,mean,0.1141037387509285,0.0106678289105164,500,500,93,407,188,219,18.6,81.4,37.6,43.8,4.03,4.0,2.438,3.6581626984126983,500,0.11410373875092855,0.010667828910516406,93,0.21893710886398518,0.03499211280760205,407,0.08964040841763142,0.07083973020147004,188,0.19809787521930328,0.006427693727598148,219,0.10734185296061637,0.11319289967757336,0.0140730407106438,0.1141037387509285,0.1000306980402847,14.794,14.742,24,7,False,False,False
contextual,XLM-R,xlm-roberta-base,12,max,0.1414897045351091,0.001514668716217,500,500,93,407,188,219,18.6,81.4,37.6,43.8,4.03,4.0,2.438,3.6581626984126983,500,0.14148970453510912,0.0015146687162170434,93,0.18529524361390914,0.0753730167401728,407,0.0664944847527753,0.1806253548273702,188,0.12012185808276632,0.10059119377553201,219,0.11922219368329649,0.07832053803531491,0.1077898167694246,0.1414897045351091,0.033699887765684486,14.794,14.742,22,5,False,False,False
