model,model_name,layer,pooling,category,vowel_class,n,mean_sim_same_root,mean_sim_same_suffix,mean_delta,ci95_low,ci95_high,wilcoxon_p
BERTurk,dbmdz/bert-base-turkish-cased,1,first,inflectional,ince,15,0.653992126024692,0.38889664711161814,0.265095478913074,0.21700357696820244,0.30965323105453446,6.103515625e-05
BERTurk,dbmdz/bert-base-turkish-cased,1,first,inflectional,kalın,15,0.7909366312398863,0.38544665925341653,0.40548997198646985,0.2916845966518429,0.516118330654952,6.103515625e-05
BERTurk,dbmdz/bert-base-turkish-cased,1,first,light_deriv,ince,10,0.697873330867406,0.3662683139014561,0.33160501696594985,0.21493824646004778,0.44535063973944805,0.001953125
BERTurk,dbmdz/bert-base-turkish-cased,1,first,light_deriv,kalın,10,0.8683233714861842,0.3727454085556194,0.4955779629305649,0.3928723854770899,0.601899384813246,0.001953125
BERTurk,dbmdz/bert-base-turkish-cased,1,first,strong_deriv,ince,5,0.743172201099173,0.38116244052560155,0.36200976057357154,0.26634405347393936,0.48109234816266977,0.0625
BERTurk,dbmdz/bert-base-turkish-cased,1,first,strong_deriv,kalın,5,0.801964628996996,0.39075523066886825,0.41120939832812786,0.3142086289912225,0.5433774192051269,0.0625
BERTurk,dbmdz/bert-base-turkish-cased,1,last,inflectional,ince,15,0.4296446908931878,0.46662975255823447,-0.03698506166504662,-0.20154041365566444,0.1306071619371368,1.0
BERTurk,dbmdz/bert-base-turkish-cased,1,last,inflectional,kalın,15,0.6151376252998576,0.5068741869268517,0.10826343837300609,-0.03936415204510991,0.22127896407210576,0.083251953125
BERTurk,dbmdz/bert-base-turkish-cased,1,last,light_deriv,ince,10,0.39631651918085586,0.706782456691651,-0.31046593751079515,-0.5520369262524097,-0.06631010175064642,0.083984375
BERTurk,dbmdz/bert-base-turkish-cased,1,last,light_deriv,kalın,10,0.3966926611107823,0.7846738764084312,-0.38798121529764884,-0.5377612084942331,-0.23457172394283268,0.005859375
BERTurk,dbmdz/bert-base-turkish-cased,1,last,strong_deriv,ince,5,0.29717015329865387,0.7487485679639464,-0.4515784146652925,-0.5975739473727566,-0.26079885003596165,0.0625
BERTurk,dbmdz/bert-base-turkish-cased,1,last,strong_deriv,kalın,5,0.3303331715920277,0.7659549937604759,-0.43562182216844825,-0.5364028574654404,-0.2844759421573857,0.0625
BERTurk,dbmdz/bert-base-turkish-cased,1,mean,inflectional,ince,15,0.6060974672093449,0.4575643755814328,0.14853309162791214,0.0972325211952019,0.19331704792881824,0.00030517578125
BERTurk,dbmdz/bert-base-turkish-cased,1,mean,inflectional,kalın,15,0.7319884562762551,0.4958391757243995,0.23614928055185572,0.18513720046291282,0.29191920763157764,6.103515625e-05
BERTurk,dbmdz/bert-base-turkish-cased,1,mean,light_deriv,ince,10,0.6203441532316202,0.5810085346504765,0.039335618581143594,-0.012116942232022325,0.09683769174862511,0.193359375
BERTurk,dbmdz/bert-base-turkish-cased,1,mean,light_deriv,kalın,10,0.738200294260668,0.6289412641002213,0.1092590301604468,0.01880913684191218,0.1993610886630802,0.064453125
BERTurk,dbmdz/bert-base-turkish-cased,1,mean,strong_deriv,ince,5,0.6323918485865752,0.6213297077550236,0.011062140831551593,-0.05591849958383845,0.08615882187418511,1.0
BERTurk,dbmdz/bert-base-turkish-cased,1,mean,strong_deriv,kalın,5,0.6778252930817749,0.6274612773638832,0.05036401571789162,0.008535378290417329,0.09556993900615932,0.125
BERTurk,dbmdz/bert-base-turkish-cased,1,max,inflectional,ince,15,0.542560720109117,0.43261194551128845,0.1099487745978285,0.028460139327242572,0.19331732396813878,0.04791259765625
BERTurk,dbmdz/bert-base-turkish-cased,1,max,inflectional,kalın,15,0.7181272779878689,0.45432062837556997,0.26380664961229905,0.19971700651229482,0.33250454794402706,6.103515625e-05
BERTurk,dbmdz/bert-base-turkish-cased,1,max,light_deriv,ince,10,0.5457406843545306,0.5556063792722095,-0.00986569491767877,-0.11770874144521332,0.09717051578777963,0.845703125
BERTurk,dbmdz/bert-base-turkish-cased,1,max,light_deriv,kalın,10,0.6397386903399556,0.6407635360879006,-0.0010248457479451688,-0.12196815477359388,0.13432933089966276,1.0
BERTurk,dbmdz/bert-base-turkish-cased,1,max,strong_deriv,ince,5,0.5311745994076205,0.6431583253850894,-0.11198372597746897,-0.19635486787296813,-0.02084567444726726,0.1875
BERTurk,dbmdz/bert-base-turkish-cased,1,max,strong_deriv,kalın,5,0.5779866441673062,0.6397095836207377,-0.06172293945343159,-0.13075722691557232,0.0024027785110246214,0.4375
BERTurk,dbmdz/bert-base-turkish-cased,7,first,inflectional,ince,15,0.7766714808222527,0.7547358355558755,0.02193564526637714,-0.05770227504133871,0.09618765669539084,0.5994873046875
BERTurk,dbmdz/bert-base-turkish-cased,7,first,inflectional,kalın,15,0.8417018798706641,0.6967543186722845,0.14494756119837957,0.06931248290539421,0.2159758517404432,0.00836181640625
BERTurk,dbmdz/bert-base-turkish-cased,7,first,light_deriv,ince,10,0.7557554806039436,0.6656030574164775,0.09015242318746602,0.035605410683375284,0.1545925740009292,0.001953125
BERTurk,dbmdz/bert-base-turkish-cased,7,first,light_deriv,kalın,10,0.7622575955832066,0.6709491543056224,0.09130844127758433,0.002946448443432322,0.18733531852204413,0.375
BERTurk,dbmdz/bert-base-turkish-cased,7,first,strong_deriv,ince,5,0.7158102699503432,0.7360686857334743,-0.02025841578313099,-0.06815416986582497,0.028239591455759987,0.4375
BERTurk,dbmdz/bert-base-turkish-cased,7,first,strong_deriv,kalın,5,0.72703422616699,0.7434999983470076,-0.016465772180017678,-0.09972267148225349,0.07005308383090084,1.0
BERTurk,dbmdz/bert-base-turkish-cased,7,last,inflectional,ince,15,0.750704457684003,0.8075295908937108,-0.05682513320970792,-0.13719486986988608,0.027260343225356275,0.30279541015625
BERTurk,dbmdz/bert-base-turkish-cased,7,last,inflectional,kalın,15,0.8066486402609183,0.7752271187704491,0.03142152149046918,-0.026831103972867268,0.09323172458430562,0.42120361328125
BERTurk,dbmdz/bert-base-turkish-cased,7,last,light_deriv,ince,10,0.7300977891896628,0.8126039568695342,-0.08250616767987147,-0.18357130520381829,0.033274439756396386,0.232421875
BERTurk,dbmdz/bert-base-turkish-cased,7,last,light_deriv,kalın,10,0.7263807113830081,0.8340874275788923,-0.10770671619588423,-0.18274956342377305,-0.03618340745302673,0.037109375
BERTurk,dbmdz/bert-base-turkish-cased,7,last,strong_deriv,ince,5,0.6988426330771863,0.875948580039387,-0.17710594696220078,-0.233349182743169,-0.11955211356237128,0.0625
BERTurk,dbmdz/bert-base-turkish-cased,7,last,strong_deriv,kalın,5,0.704452680224481,0.8456242283948351,-0.14117154817035402,-0.19466224646975808,-0.09897606021874057,0.0625
BERTurk,dbmdz/bert-base-turkish-cased,7,mean,inflectional,ince,15,0.806053218488944,0.8127328131862054,-0.006679594697261493,-0.05513474039515812,0.046171144763120835,0.803955078125
BERTurk,dbmdz/bert-base-turkish-cased,7,mean,inflectional,kalın,15,0.8328369288138429,0.7859858785749937,0.04685105023884938,0.0012252888236267395,0.0898922507107082,0.072998046875
BERTurk,dbmdz/bert-base-turkish-cased,7,mean,light_deriv,ince,10,0.7957151992759248,0.7841094384007035,0.011605760875221383,-0.035427768232592305,0.07149806994530332,0.625
BERTurk,dbmdz/bert-base-turkish-cased,7,mean,light_deriv,kalın,10,0.8130404823097541,0.7978100083234205,0.015230473986333638,-0.04101824649991577,0.07497614186764745,0.625
BERTurk,dbmdz/bert-base-turkish-cased,7,mean,strong_deriv,ince,5,0.7935915780829129,0.8462024718365946,-0.052610893753681734,-0.08942080421113818,-0.009432764877222785,0.125
BERTurk,dbmdz/bert-base-turkish-cased,7,mean,strong_deriv,kalın,5,0.7864239849993335,0.8273724230031381,-0.040948438003804544,-0.07951690686446469,-0.002548765227384386,0.1875
BERTurk,dbmdz/bert-base-turkish-cased,7,max,inflectional,ince,15,0.7644521378321062,0.7871915767245485,-0.022739438892442485,-0.10505424666470692,0.05482974317544678,0.5994873046875
BERTurk,dbmdz/bert-base-turkish-cased,7,max,inflectional,kalın,15,0.8298191653341058,0.7433277185897029,0.08649144674440283,0.028113472896658255,0.14972969281521514,0.041259765625
BERTurk,dbmdz/bert-base-turkish-cased,7,max,light_deriv,ince,10,0.7466984198104406,0.7512690665590132,-0.004570646748572493,-0.08886709683290865,0.08323150649871347,0.6953125
BERTurk,dbmdz/bert-base-turkish-cased,7,max,light_deriv,kalın,10,0.749159808654904,0.7873831026630999,-0.03822329400819583,-0.12066970386635982,0.03958786427435709,0.375
BERTurk,dbmdz/bert-base-turkish-cased,7,max,strong_deriv,ince,5,0.7123513722955347,0.8324508597322483,-0.12009948743671355,-0.1626093247401304,-0.06815258656518357,0.0625
BERTurk,dbmdz/bert-base-turkish-cased,7,max,strong_deriv,kalın,5,0.7237688112495879,0.8196507456343104,-0.09588193438472255,-0.16881137462808182,-0.02068290868477114,0.1875
BERTurk,dbmdz/bert-base-turkish-cased,12,first,inflectional,ince,15,0.7745511487172719,0.7429330956346405,0.03161805308263148,-0.047405645602260224,0.12441138236784795,0.5614013671875
BERTurk,dbmdz/bert-base-turkish-cased,12,first,inflectional,kalın,15,0.7662317649361295,0.668103404823724,0.09812836011240543,0.026761256831197674,0.16847704905277858,0.05535888671875
BERTurk,dbmdz/bert-base-turkish-cased,12,first,light_deriv,ince,10,0.7281437854322756,0.6555542454871492,0.0725895399451265,-0.004332055375004217,0.17231453681344053,0.232421875
BERTurk,dbmdz/bert-base-turkish-cased,12,first,light_deriv,kalın,10,0.6800578453103364,0.6536992557720367,0.026358589538299716,-0.0638596388204059,0.1288309644028194,0.6953125
BERTurk,dbmdz/bert-base-turkish-cased,12,first,strong_deriv,ince,5,0.6854081641926192,0.6829621201182795,0.0024460440743396816,-0.03596531325135897,0.051327352229908765,0.8125
BERTurk,dbmdz/bert-base-turkish-cased,12,first,strong_deriv,kalın,5,0.669346265432701,0.7049855929930232,-0.035639327560322176,-0.09167215773775317,0.020393502617108816,0.3125
BERTurk,dbmdz/bert-base-turkish-cased,12,last,inflectional,ince,15,0.7548149253278598,0.7775007724265103,-0.022685847098650447,-0.11777229556722374,0.07797582532316616,0.638671875
BERTurk,dbmdz/bert-base-turkish-cased,12,last,inflectional,kalın,15,0.8139210772311439,0.7468595905724711,0.06706148665867281,0.02209926774905261,0.115838358470932,0.01806640625
BERTurk,dbmdz/bert-base-turkish-cased,12,last,light_deriv,ince,10,0.7692607621002804,0.7689472996948667,0.00031346240541347826,-0.0864473804605271,0.09283757077436407,0.76953125
BERTurk,dbmdz/bert-base-turkish-cased,12,last,light_deriv,kalın,10,0.7677371122156191,0.7734611660940598,-0.005724053878440527,-0.08784834318981684,0.07799499280609988,0.921875
BERTurk,dbmdz/bert-base-turkish-cased,12,last,strong_deriv,ince,5,0.7365071435691638,0.8231268736528314,-0.0866197300836675,-0.13160045390384054,-0.019512321749101114,0.125
BERTurk,dbmdz/bert-base-turkish-cased,12,last,strong_deriv,kalın,5,0.7440727479120974,0.8048263853684203,-0.060753637456322715,-0.11712226477341707,3.946792010849084e-05,0.1875
BERTurk,dbmdz/bert-base-turkish-cased,12,mean,inflectional,ince,15,0.7945004101135142,0.7836227314661746,0.010877678647339677,-0.060064363040865515,0.084627919423249,0.93408203125
BERTurk,dbmdz/bert-base-turkish-cased,12,mean,inflectional,kalın,15,0.8167421445934929,0.7498971984744202,0.06684494611907284,0.031023025785205695,0.10828694958750101,0.00152587890625
BERTurk,dbmdz/bert-base-turkish-cased,12,mean,light_deriv,ince,10,0.7989209205946779,0.7481531078960605,0.05076781269861748,-0.003799080008449664,0.12402309261338905,0.322265625
BERTurk,dbmdz/bert-base-turkish-cased,12,mean,light_deriv,kalın,10,0.7929900172133089,0.7532804698988224,0.03970954731448654,-0.03244547250881322,0.10916022869572788,0.431640625
BERTurk,dbmdz/bert-base-turkish-cased,12,mean,strong_deriv,ince,5,0.7826228223727513,0.7942524884261817,-0.011629666053430321,-0.054912900171722054,0.05016508311320862,0.625
BERTurk,dbmdz/bert-base-turkish-cased,12,mean,strong_deriv,kalın,5,0.7815864759981048,0.7963212055681577,-0.01473472957005284,-0.04662759633986922,0.0183366129617585,0.625
BERTurk,dbmdz/bert-base-turkish-cased,12,max,inflectional,ince,15,0.7629255268107875,0.7652814191451424,-0.002355892334354855,-0.09111778016441059,0.08729813450096305,0.76153564453125
BERTurk,dbmdz/bert-base-turkish-cased,12,max,inflectional,kalın,15,0.8071021753635909,0.7098910445681746,0.09721113079541623,0.04513963287748806,0.15853480290119124,0.0042724609375
BERTurk,dbmdz/bert-base-turkish-cased,12,max,light_deriv,ince,10,0.7490778658917071,0.7209472213704053,0.028130644521301783,-0.05219357974078864,0.13463254346172565,1.0
BERTurk,dbmdz/bert-base-turkish-cased,12,max,light_deriv,kalın,10,0.7254032624163491,0.7411419236857617,-0.01573866126941249,-0.10936885079504928,0.06558317023039957,0.845703125
BERTurk,dbmdz/bert-base-turkish-cased,12,max,strong_deriv,ince,5,0.7172624231958155,0.7821944781408957,-0.06493205494508025,-0.10148684347015638,-0.02784851194686806,0.0625
BERTurk,dbmdz/bert-base-turkish-cased,12,max,strong_deriv,kalın,5,0.7221531090078747,0.7797808911041836,-0.05762778209630868,-0.09796278710124298,-0.011733863217659702,0.125
mBERT,bert-base-multilingual-cased,1,first,inflectional,ince,15,0.9939440892763876,0.35247883311317857,0.6414652561632088,0.5753258726508835,0.6927294083170769,6.103515625e-05
mBERT,bert-base-multilingual-cased,1,first,inflectional,kalın,15,0.9856964018434553,0.3428233211114418,0.6428730807320135,0.625660723342416,0.6588381852366311,6.103515625e-05
mBERT,bert-base-multilingual-cased,1,first,light_deriv,ince,10,0.9878445606513677,0.34657030620447665,0.6412742544468912,0.5644237049472844,0.6989141516706895,0.001953125
mBERT,bert-base-multilingual-cased,1,first,light_deriv,kalın,10,0.9507638137961463,0.341451270958402,0.6093125428377444,0.5586733554324599,0.6543391515043158,0.001953125
mBERT,bert-base-multilingual-cased,1,first,strong_deriv,ince,5,0.9871361967787543,0.34163640395124695,0.6454997928275074,0.5479517954516626,0.7143963030403943,0.0625
mBERT,bert-base-multilingual-cased,1,first,strong_deriv,kalın,5,0.948688276873289,0.30863793744621637,0.6400503394270728,0.5811420239359357,0.6856947239553192,0.0625
mBERT,bert-base-multilingual-cased,1,last,inflectional,ince,15,0.3683875537862339,0.7221366840707345,-0.35374913028450067,-0.4641274680522471,-0.22766036047026125,0.00042724609375
mBERT,bert-base-multilingual-cased,1,last,inflectional,kalın,15,0.3876210086231135,0.5481732082210691,-0.16055219959795552,-0.3103784926573445,-0.020028934165006906,0.1353759765625
mBERT,bert-base-multilingual-cased,1,last,light_deriv,ince,10,0.37362791082887176,0.5456453645437926,-0.17201745371492091,-0.3057156365558535,-0.07091971459334122,0.00390625
mBERT,bert-base-multilingual-cased,1,last,light_deriv,kalın,10,0.35510572852012945,0.5099436848150762,-0.15483795629494676,-0.33319202079591337,0.007078758697164695,0.16015625
mBERT,bert-base-multilingual-cased,1,last,strong_deriv,ince,5,0.3463761111498228,0.5297845015217332,-0.18340839037191037,-0.47552812704291175,0.10871134629909104,0.8125
mBERT,bert-base-multilingual-cased,1,last,strong_deriv,kalın,5,0.297875953703082,0.5734928431937796,-0.2756168894906975,-0.5733065368982702,-0.005791433129379864,0.3125
mBERT,bert-base-multilingual-cased,1,mean,inflectional,ince,15,0.7908256937645208,0.5822172272144785,0.20860846655004242,0.14989130070022014,0.2628076959002425,0.0008544921875
mBERT,bert-base-multilingual-cased,1,mean,inflectional,kalın,15,0.7509123420831526,0.5083400819099426,0.24257226017321,0.18971435181805268,0.29214845713631166,6.103515625e-05
mBERT,bert-base-multilingual-cased,1,mean,light_deriv,ince,10,0.7874944116191802,0.5296764661519331,0.25781794546724707,0.1664882206850521,0.3333593657739702,0.005859375
mBERT,bert-base-multilingual-cased,1,mean,light_deriv,kalın,10,0.7568018555510412,0.5017871755939386,0.2550146799571026,0.209875831802638,0.30334362864794834,0.001953125
mBERT,bert-base-multilingual-cased,1,mean,strong_deriv,ince,5,0.7493000154788774,0.5284942163323986,0.22080579914647877,0.08120790240221104,0.3329043287306801,0.125
mBERT,bert-base-multilingual-cased,1,mean,strong_deriv,kalın,5,0.6935913499387136,0.532740689543838,0.16085066039487558,0.058972183464674456,0.22948551142183032,0.125
mBERT,bert-base-multilingual-cased,1,max,inflectional,ince,15,0.8021711641806003,0.6722692515660796,0.12990191261452058,0.08144968004763482,0.17050805811820544,0.0008544921875
mBERT,bert-base-multilingual-cased,1,max,inflectional,kalın,15,0.7902074012530608,0.6032269293109229,0.18698047194213785,0.14835326240825228,0.22977399957910496,6.103515625e-05
mBERT,bert-base-multilingual-cased,1,max,light_deriv,ince,10,0.8109444674139574,0.6451034138899974,0.16584105352395997,0.09530711299009904,0.23148561463836512,0.009765625
mBERT,bert-base-multilingual-cased,1,max,light_deriv,kalın,10,0.7949111946081613,0.6201219349108144,0.17478925969734696,0.1267918068962885,0.2233385922801471,0.001953125
mBERT,bert-base-multilingual-cased,1,max,strong_deriv,ince,5,0.7897112648881871,0.6475533498817214,0.1421579150064656,0.04267018333473134,0.25717559637093457,0.125
mBERT,bert-base-multilingual-cased,1,max,strong_deriv,kalın,5,0.7475391008690268,0.6784889620743997,0.06905013879462718,0.042439697395872014,0.09253688888061781,0.0625
mBERT,bert-base-multilingual-cased,7,first,inflectional,ince,15,0.9225747029562624,0.7721928731009374,0.15038182985532494,0.13581529776323234,0.16526311727361995,6.103515625e-05
mBERT,bert-base-multilingual-cased,7,first,inflectional,kalın,15,0.9163993181003959,0.7483540782224237,0.16804523987797193,0.14357914924451987,0.1956894116671614,6.103515625e-05
mBERT,bert-base-multilingual-cased,7,first,light_deriv,ince,10,0.9286797860998138,0.7811507386427972,0.14752904745701656,0.12385647712605775,0.17200018209557102,0.001953125
mBERT,bert-base-multilingual-cased,7,first,light_deriv,kalın,10,0.9072237364856944,0.7430254185949063,0.16419831789078812,0.14089065784745683,0.19162841861027285,0.001953125
mBERT,bert-base-multilingual-cased,7,first,strong_deriv,ince,5,0.9077118138054591,0.7938868905911107,0.1138249232143483,0.06828369914873152,0.1539413446346127,0.0625
mBERT,bert-base-multilingual-cased,7,first,strong_deriv,kalın,5,0.9047924118508714,0.7640478317141899,0.14074458013668137,0.11448422423891355,0.16700493603444916,0.0625
mBERT,bert-base-multilingual-cased,7,last,inflectional,ince,15,0.7974371214382805,0.8146077526474852,-0.017170631209204715,-0.037995660431443895,0.0040247951126717914,0.15142822265625
mBERT,bert-base-multilingual-cased,7,last,inflectional,kalın,15,0.7892220803353875,0.804155078359963,-0.014932998024575454,-0.05217108027923967,0.021721026598707623,0.45428466796875
mBERT,bert-base-multilingual-cased,7,last,light_deriv,ince,10,0.7955422405399133,0.8021132156437698,-0.006570975103856636,-0.03090551676396356,0.022985201443562895,0.431640625
mBERT,bert-base-multilingual-cased,7,last,light_deriv,kalın,10,0.7794092759350629,0.7788977145864591,0.0005115613486038617,-0.0526715064831179,0.05412560244395383,0.921875
mBERT,bert-base-multilingual-cased,7,last,strong_deriv,ince,5,0.7811580602112217,0.8277226905122184,-0.04656463030099691,-0.11450190826644721,0.01456499813729364,0.3125
mBERT,bert-base-multilingual-cased,7,last,strong_deriv,kalın,5,0.7499898121318116,0.8183595720692602,-0.06836975993744879,-0.12893361559597652,-0.001558781922896424,0.1875
mBERT,bert-base-multilingual-cased,7,mean,inflectional,ince,15,0.9004446513303946,0.8278285429365606,0.07261610839383391,0.06073567860635384,0.08401772651824516,6.103515625e-05
mBERT,bert-base-multilingual-cased,7,mean,inflectional,kalın,15,0.8776009037371778,0.8190213310996665,0.058579572637511367,0.03319945236383715,0.08745396177284313,0.0006103515625
mBERT,bert-base-multilingual-cased,7,mean,light_deriv,ince,10,0.900741334815254,0.8283579125011787,0.07238342231407506,0.05300681896553797,0.0919199754187557,0.001953125
mBERT,bert-base-multilingual-cased,7,mean,light_deriv,kalın,10,0.8783575668486879,0.79947073965095,0.07888682719773792,0.04814754037199779,0.1148326182456498,0.001953125
mBERT,bert-base-multilingual-cased,7,mean,strong_deriv,ince,5,0.8796259692954912,0.8514099937977114,0.028215975497779745,0.0017371877643264173,0.05421111394835054,0.125
mBERT,bert-base-multilingual-cased,7,mean,strong_deriv,kalın,5,0.868168205374204,0.8508524637206436,0.017315741653560267,-0.009801205590094408,0.04407266322926613,0.4375
mBERT,bert-base-multilingual-cased,7,max,inflectional,ince,15,0.8814035455035898,0.8053313131641789,0.07607223233941082,0.06209862709679051,0.09196489702395318,6.103515625e-05
mBERT,bert-base-multilingual-cased,7,max,inflectional,kalın,15,0.8647768693261556,0.7942674714007765,0.07050939792537912,0.045990654866549754,0.09848787768987417,6.103515625e-05
mBERT,bert-base-multilingual-cased,7,max,light_deriv,ince,10,0.8893657663652457,0.8087735271302714,0.08059223923497441,0.06058036229513274,0.1024228452400821,0.001953125
mBERT,bert-base-multilingual-cased,7,max,light_deriv,kalın,10,0.8579723684917114,0.7814357065132806,0.07653666197843076,0.04333918785865202,0.11068690396304279,0.00390625
mBERT,bert-base-multilingual-cased,7,max,strong_deriv,ince,5,0.8645347243881416,0.8208755903610818,0.04365913402705983,-0.0014506340726360145,0.08333006065410968,0.125
mBERT,bert-base-multilingual-cased,7,max,strong_deriv,kalın,5,0.8408532658776027,0.8312590742257202,0.009594191651882467,-0.020752322720704576,0.03484785247973987,0.4375
mBERT,bert-base-multilingual-cased,12,first,inflectional,ince,15,0.7729454397897583,0.521485065914127,0.2514603738756311,0.19531682391498054,0.29876854446879664,0.0001220703125
mBERT,bert-base-multilingual-cased,12,first,inflectional,kalın,15,0.7874768429913565,0.5084427352264479,0.2790341077649086,0.23237102524272277,0.3289731251380974,6.103515625e-05
mBERT,bert-base-multilingual-cased,12,first,light_deriv,ince,10,0.7906405006645583,0.5451450594363516,0.24549544122820657,0.19220087615670953,0.29986756187088265,0.001953125
mBERT,bert-base-multilingual-cased,12,first,light_deriv,kalın,10,0.7721295991974328,0.5421797073602699,0.22994989183716302,0.18002443806965482,0.27977246826290697,0.001953125
mBERT,bert-base-multilingual-cased,12,first,strong_deriv,ince,5,0.7650344646506717,0.5806888690098231,0.18434559564084851,0.044850964105826986,0.3109820820719503,0.125
mBERT,bert-base-multilingual-cased,12,first,strong_deriv,kalın,5,0.7544149098462365,0.5635274088567923,0.1908875009894439,0.11294999678822722,0.24263210840483063,0.0625
mBERT,bert-base-multilingual-cased,12,last,inflectional,ince,15,0.6014597833078043,0.5692474987373919,0.032212284570412295,-0.027292878076127295,0.0794432332992698,0.063720703125
mBERT,bert-base-multilingual-cased,12,last,inflectional,kalın,15,0.6294046231820084,0.5717763138980877,0.05762830928392063,-0.020057750347222944,0.1317181052545536,0.25238037109375
mBERT,bert-base-multilingual-cased,12,last,light_deriv,ince,10,0.6286056741166884,0.5883889883955756,0.04021668572111292,-0.012688833069493933,0.09561667653618866,0.232421875
mBERT,bert-base-multilingual-cased,12,last,light_deriv,kalın,10,0.6118811157671422,0.5756476731940117,0.03623344257313062,-0.06981971912016582,0.13797479905332463,0.556640625
mBERT,bert-base-multilingual-cased,12,last,strong_deriv,ince,5,0.5521792961143822,0.6257552195531362,-0.07357592343875388,-0.20481210189835924,0.042859994636960996,0.625
mBERT,bert-base-multilingual-cased,12,last,strong_deriv,kalın,5,0.5249916068601259,0.6628391072936874,-0.1378475004335616,-0.23635387899670607,-0.03924524766068129,0.125
mBERT,bert-base-multilingual-cased,12,mean,inflectional,ince,15,0.7310501309119467,0.5688618620933823,0.1621882688185645,0.10821044530196847,0.20703790337177133,0.0008544921875
mBERT,bert-base-multilingual-cased,12,mean,inflectional,kalın,15,0.7364628177562241,0.568422572299165,0.16804024545705898,0.11462745579906315,0.22477578013758215,0.00018310546875
mBERT,bert-base-multilingual-cased,12,mean,light_deriv,ince,10,0.7440355832312886,0.5865083540373475,0.15752722919394097,0.11316162849117174,0.20333532017193548,0.001953125
mBERT,bert-base-multilingual-cased,12,mean,light_deriv,kalın,10,0.7314865101225381,0.5895455806616843,0.1419409294608538,0.0756428322944874,0.2102034380123195,0.005859375
mBERT,bert-base-multilingual-cased,12,mean,strong_deriv,ince,5,0.7001444933612291,0.6340640895955246,0.06608040376570434,-0.0340283205502126,0.1537799240739724,0.4375
mBERT,bert-base-multilingual-cased,12,mean,strong_deriv,kalın,5,0.6918869908288133,0.6721376029446722,0.0197493878841412,-0.04117623773715031,0.07654010360723469,0.625
mBERT,bert-base-multilingual-cased,12,max,inflectional,ince,15,0.7411923125114469,0.604217202414461,0.13697511009698574,0.08512196514323782,0.18245236970592002,0.00115966796875
mBERT,bert-base-multilingual-cased,12,max,inflectional,kalın,15,0.7523895616201898,0.5983769426265745,0.15401261899361546,0.10964507600420582,0.2020620567135789,6.103515625e-05
mBERT,bert-base-multilingual-cased,12,max,light_deriv,ince,10,0.7555409146621748,0.6196584969564666,0.13588241770570816,0.0994819901053923,0.17447629393814917,0.001953125
mBERT,bert-base-multilingual-cased,12,max,light_deriv,kalın,10,0.7458386357888368,0.6161646262153269,0.12967400957351,0.06813694621559187,0.18754931555496737,0.009765625
mBERT,bert-base-multilingual-cased,12,max,strong_deriv,ince,5,0.7214038013172119,0.6705334600126217,0.050870341304590186,-0.0436687860300435,0.13877497155529978,0.4375
mBERT,bert-base-multilingual-cased,12,max,strong_deriv,kalın,5,0.7010654128260722,0.707012620723719,-0.005947207897646756,-0.0598204399499354,0.04213416171402899,1.0
XLM-R,xlm-roberta-base,1,first,inflectional,ince,15,0.8842156464552405,0.5711483726407655,0.313067273814475,0.21752852776163942,0.4026617001505172,0.00042724609375
XLM-R,xlm-roberta-base,1,first,inflectional,kalın,15,0.990475780559585,0.5793610229442936,0.4111147576152914,0.3855159108597192,0.4345530529279161,6.103515625e-05
XLM-R,xlm-roberta-base,1,first,light_deriv,ince,10,0.9871738274235475,0.5613442703516702,0.4258295570718772,0.4059842102924621,0.44901135206652226,0.001953125
XLM-R,xlm-roberta-base,1,first,light_deriv,kalın,10,0.9845296522371865,0.5593822349228162,0.4251474173143702,0.3918149563787886,0.45609238387880713,0.001953125
XLM-R,xlm-roberta-base,1,first,strong_deriv,ince,5,0.9711155353024751,0.5658252037078713,0.4052903315946038,0.3875805572041077,0.42721594709609345,0.0625
XLM-R,xlm-roberta-base,1,first,strong_deriv,kalın,5,0.9250391264057403,0.5615551554954281,0.36348397091031187,0.2734054984688338,0.42420805127979994,0.0625
XLM-R,xlm-roberta-base,1,last,inflectional,ince,15,0.5629424730912714,0.7831831556286334,-0.2202406825373621,-0.32295034945185275,-0.10484024864414496,0.01025390625
XLM-R,xlm-roberta-base,1,last,inflectional,kalın,15,0.558188551385928,0.8384768076910116,-0.28028825630508364,-0.35425474666550133,-0.20470519746654703,6.103515625e-05
XLM-R,xlm-roberta-base,1,last,light_deriv,ince,10,0.6088585741961732,0.8256936152537669,-0.2168350410575937,-0.3154345301295746,-0.11120122383641907,0.005859375
XLM-R,xlm-roberta-base,1,last,light_deriv,kalın,10,0.5785099217443034,0.8341360246462463,-0.2556261029019428,-0.3811594816145928,-0.13175895844720686,0.013671875
XLM-R,xlm-roberta-base,1,last,strong_deriv,ince,5,0.5814778514333574,0.8420894066503795,-0.26061155521702206,-0.38308092437998587,-0.12884479107501884,0.0625
XLM-R,xlm-roberta-base,1,last,strong_deriv,kalın,5,0.5758031425144325,0.7842923207795887,-0.20848917826515603,-0.36373913131086455,-0.05192868654964056,0.0625
XLM-R,xlm-roberta-base,1,mean,inflectional,ince,15,0.7985499078090096,0.7835230524224239,0.015026855386585452,-0.03322278836872352,0.056323264572046935,0.10699462890625
XLM-R,xlm-roberta-base,1,mean,inflectional,kalın,15,0.8373560805764763,0.7887393128264635,0.04861676775001275,0.013009212608461895,0.08481622283596264,0.05535888671875
XLM-R,xlm-roberta-base,1,mean,light_deriv,ince,10,0.8542143370289633,0.7901154813774751,0.06409885565148819,0.024979045423455488,0.10420658307939393,0.00390625
XLM-R,xlm-roberta-base,1,mean,light_deriv,kalın,10,0.8475946179440041,0.7786382415278635,0.06895637641614073,0.01933716793406002,0.11567648155042388,0.048828125
XLM-R,xlm-roberta-base,1,mean,strong_deriv,ince,5,0.8434200908751184,0.7977352171460813,0.04568487372903705,-0.004178019361595875,0.09562715266381386,0.3125
XLM-R,xlm-roberta-base,1,mean,strong_deriv,kalın,5,0.8306562196711577,0.7780253778801454,0.05263084179101225,0.0002577195192179804,0.10502063726363473,0.3125
XLM-R,xlm-roberta-base,1,max,inflectional,ince,15,0.7549804084388874,0.729712139399255,0.025268269039632196,-0.02672698608119726,0.06962776599225107,0.063720703125
XLM-R,xlm-roberta-base,1,max,inflectional,kalın,15,0.7844893484148378,0.7461361657344613,0.03835318268037651,0.001532941517316081,0.07941781062023318,0.1876220703125
XLM-R,xlm-roberta-base,1,max,light_deriv,ince,10,0.8179010725269226,0.7509141177611397,0.06698695476578281,0.03319488607922985,0.10232288198629808,0.005859375
XLM-R,xlm-roberta-base,1,max,light_deriv,kalın,10,0.8102627679567856,0.7429363851603055,0.06732638279648004,0.015234880222556518,0.12299986830491878,0.083984375
XLM-R,xlm-roberta-base,1,max,strong_deriv,ince,5,0.8005969726207898,0.7573442170946703,0.04325275552611949,-0.0028700129017593,0.09048578597336361,0.3125
XLM-R,xlm-roberta-base,1,max,strong_deriv,kalın,5,0.782590372799271,0.7417599609015681,0.04083041189770289,-0.025027563139068065,0.11196802198894243,0.625
XLM-R,xlm-roberta-base,7,first,inflectional,ince,15,0.9354438001801857,0.8267403111253563,0.10870348905482927,0.06401155857936079,0.1467821625147701,0.0008544921875
XLM-R,xlm-roberta-base,7,first,inflectional,kalın,15,0.9703160177879823,0.8487697586424451,0.12154625914553709,0.09508268225624483,0.145211341389327,6.103515625e-05
XLM-R,xlm-roberta-base,7,first,light_deriv,ince,10,0.9655478369133231,0.8200991882834655,0.14544864862985757,0.12327813934471243,0.17453334975531126,0.001953125
XLM-R,xlm-roberta-base,7,first,light_deriv,kalın,10,0.9633849319014921,0.8527119354446915,0.11067299645680055,0.08265720887839194,0.13311378885602554,0.001953125
XLM-R,xlm-roberta-base,7,first,strong_deriv,ince,5,0.9585077320118369,0.8047267534658878,0.15378097854594905,0.10611065583648441,0.2036361275596511,0.0625
XLM-R,xlm-roberta-base,7,first,strong_deriv,kalın,5,0.9442000725117914,0.827344480311678,0.11685559220011352,0.0894714753765084,0.14462629965972923,0.0625
XLM-R,xlm-roberta-base,7,last,inflectional,ince,15,0.8600691066848093,0.9154594310077802,-0.05539032432297066,-0.08683133465570424,-0.027205468492410935,0.0067138671875
XLM-R,xlm-roberta-base,7,last,inflectional,kalın,15,0.8609674189004228,0.929214811324515,-0.06824739242409215,-0.08816505194123157,-0.04835499872554568,0.0001220703125
XLM-R,xlm-roberta-base,7,last,light_deriv,ince,10,0.8834113689136774,0.9226155115602992,-0.03920414264662185,-0.07643052429789912,-6.214535047560363e-05,0.083984375
XLM-R,xlm-roberta-base,7,last,light_deriv,kalın,10,0.8584408001663528,0.9267982036230858,-0.06835740345673294,-0.11299409193290276,-0.020948788207375883,0.064453125
XLM-R,xlm-roberta-base,7,last,strong_deriv,ince,5,0.86813469267248,0.9362503007317045,-0.06811560805922452,-0.1247430408502426,-0.0034924604307764893,0.1875
XLM-R,xlm-roberta-base,7,last,strong_deriv,kalın,5,0.8520629814366949,0.9144110888436,-0.06234810740690524,-0.12438210343880718,-0.022833674059159193,0.0625
XLM-R,xlm-roberta-base,7,mean,inflectional,ince,15,0.9344580311010703,0.9229900531385975,0.011467977962472868,-0.005871989642819629,0.02466335759422485,0.01507568359375
XLM-R,xlm-roberta-base,7,mean,inflectional,kalın,15,0.9488780493434356,0.9309878064064553,0.017890242936980116,0.005015586967407925,0.028358685627060707,0.012451171875
XLM-R,xlm-roberta-base,7,mean,light_deriv,ince,10,0.9524249417024407,0.9214395492026304,0.030985392499810093,0.017363497286487787,0.044184553943145445,0.001953125
XLM-R,xlm-roberta-base,7,mean,light_deriv,kalın,10,0.9428570144492004,0.9288007762409466,0.014056238208253913,-0.006213969644319178,0.0328168793100976,0.16015625
XLM-R,xlm-roberta-base,7,mean,strong_deriv,ince,5,0.944319966377611,0.9256661057601704,0.018653860617440544,-0.0019156266947319089,0.039794114570806775,0.3125
XLM-R,xlm-roberta-base,7,mean,strong_deriv,kalın,5,0.9371353921257433,0.9221771043654053,0.014958287760337963,-0.011748412312856275,0.036015833962764796,0.4375
XLM-R,xlm-roberta-base,7,max,inflectional,ince,15,0.9162828734889177,0.8927015161572551,0.02358135733166243,-0.0004217798987847643,0.04111901829463325,0.00836181640625
XLM-R,xlm-roberta-base,7,max,inflectional,kalın,15,0.9292240878697056,0.9036151050330538,0.02560898283665197,0.009978843938763998,0.0399444787042898,0.0067138671875
XLM-R,xlm-roberta-base,7,max,light_deriv,ince,10,0.9380856448535342,0.8909002253470979,0.04718541950643627,0.031955113956347245,0.06394126897622408,0.001953125
XLM-R,xlm-roberta-base,7,max,light_deriv,kalın,10,0.9230874918977585,0.8983837440881917,0.024703747809566877,-0.0005343186785162832,0.04754455031218926,0.10546875
XLM-R,xlm-roberta-base,7,max,strong_deriv,ince,5,0.9330726523400352,0.8968282222378068,0.03624443010222862,0.009011579145552017,0.06718621588356692,0.125
XLM-R,xlm-roberta-base,7,max,strong_deriv,kalın,5,0.9088642350943441,0.8836274597569294,0.025236775337414797,-0.007708840213491029,0.04903543787348448,0.3125
XLM-R,xlm-roberta-base,12,first,inflectional,ince,15,0.9902192816001703,0.9849751394868108,0.0052441421133593,0.0017595166421181736,0.008728068750305601,0.012451171875
XLM-R,xlm-roberta-base,12,first,inflectional,kalın,15,0.9931580601663558,0.9871110252188717,0.006047034947484013,0.0023626507909353224,0.009278024224964616,0.00537109375
XLM-R,xlm-roberta-base,12,first,light_deriv,ince,10,0.993854605036867,0.9812706120665112,0.012583992970355784,0.009076202591541448,0.01637782677913932,0.001953125
XLM-R,xlm-roberta-base,12,first,light_deriv,kalın,10,0.993273653843222,0.9894071409356467,0.0038665129075751816,-0.0002781941899868237,0.008170545239805543,0.16015625
XLM-R,xlm-roberta-base,12,first,strong_deriv,ince,5,0.9933987350634522,0.9840711869214187,0.00932754814203347,0.002752801010865613,0.0158345113764915,0.125
XLM-R,xlm-roberta-base,12,first,strong_deriv,kalın,5,0.9907424750729472,0.9871891718761778,0.0035533031967693862,-0.003279686366757928,0.008740907540521637,0.4375
XLM-R,xlm-roberta-base,12,last,inflectional,ince,15,0.9877096771862739,0.9908269562184272,-0.0031172790321532047,-0.006523143479552671,0.000500832568866427,0.1688232421875
XLM-R,xlm-roberta-base,12,last,inflectional,kalın,15,0.9880964991487976,0.9886092988033475,-0.0005127996545497633,-0.004063200488321947,0.0033005652228866355,0.93408203125
XLM-R,xlm-roberta-base,12,last,light_deriv,ince,10,0.991017177967283,0.9914412753975119,-0.00042409743022894244,-0.004276353319501961,0.003915201947568931,0.625
XLM-R,xlm-roberta-base,12,last,light_deriv,kalın,10,0.9853807779619237,0.9891855765734453,-0.0038047986115216314,-0.010134533704120664,0.002849059400442003,0.275390625
XLM-R,xlm-roberta-base,12,last,strong_deriv,ince,5,0.9901779726994923,0.9917127842999787,-0.0015348116004863855,-0.008431909806176141,0.006737355016748071,0.8125
XLM-R,xlm-roberta-base,12,last,strong_deriv,kalın,5,0.9840165043452634,0.989869380187103,-0.005852875841839666,-0.012562518559734056,-0.0017790712520346919,0.0625
XLM-R,xlm-roberta-base,12,mean,inflectional,ince,15,0.9934771900740397,0.9933308341617497,0.0001463559122900045,-0.0011802464607505443,0.001377805671791525,0.76153564453125
XLM-R,xlm-roberta-base,12,mean,inflectional,kalın,15,0.9944522644525531,0.99249070651358,0.0019615579389731836,-0.00030388984104696813,0.0040192901506914454,0.072998046875
XLM-R,xlm-roberta-base,12,mean,light_deriv,ince,10,0.9954232368663922,0.9928899358494443,0.0025333010169478086,0.001369189612102331,0.003944900766725428,0.00390625
XLM-R,xlm-roberta-base,12,mean,light_deriv,kalın,10,0.9934240590717941,0.9933534675907334,7.059148106079993e-05,-0.003391556701760514,0.003287404026054119,1.0
XLM-R,xlm-roberta-base,12,mean,strong_deriv,ince,5,0.9948914418424177,0.9933690702222359,0.0015223716201818948,-0.0012344602506770609,0.004820463051740753,0.625
XLM-R,xlm-roberta-base,12,mean,strong_deriv,kalın,5,0.992058596589662,0.9930362974091317,-0.0009777008194697067,-0.005554465070981851,0.0022443310206113898,1.0
XLM-R,xlm-roberta-base,12,max,inflectional,ince,15,0.9901974646940579,0.9899538916091735,0.0002435730848846888,-0.0020994397604565678,0.0026418192347119106,0.846923828125
XLM-R,xlm-roberta-base,12,max,inflectional,kalın,15,0.9922868774710812,0.9893028848051457,0.002983992665935786,6.378057700977788e-05,0.006175318630293028,0.041259765625
XLM-R,xlm-roberta-base,12,max,light_deriv,ince,10,0.9934006070885552,0.9888504673701671,0.004550139718388024,0.0026171341452328133,0.006743211490289953,0.001953125
XLM-R,xlm-roberta-base,12,max,light_deriv,kalın,10,0.9911960874736282,0.9907663907944867,0.0004296966791415002,-0.003343844122774098,0.004082410124219473,1.0
XLM-R,xlm-roberta-base,12,max,strong_deriv,ince,5,0.9927842832717749,0.9905020874137872,0.0022821958579876565,-0.0015671217765626856,0.006223357942904584,0.625
XLM-R,xlm-roberta-base,12,max,strong_deriv,kalın,5,0.989616099451645,0.9898643741713522,-0.0002482747197073198,-0.005208913330844367,0.003991172810063381,1.0
